DATA,Metric,Value
01/01/2023,MR08,
01/02/2023,MR08,
01/03/2023,MR08,
01/04/2023,MR08,
01/05/2023,MR08,
01/06/2023,MR08,
01/07/2023,MR08,
01/08/2023,MR08,
01/09/2023,MR08,
01/10/2023,MR08,
01/11/2023,MR08,
01/12/2023,MR08,
01/01/2024,MR08,3310.0
01/12/2024,MR08,3411.0
01/01/2025,MR08,3492.79
01/04/2024,MR08,3592.0
01/02/2024,MR08,3726.0
01/02/2025,MR08,3938.37
01/03/2025,MR08,3938.37
01/09/2024,MR08,4181.0
01/03/2024,MR08,4363.0
01/05/2024,MR08,4474.0
01/10/2024,MR08,4523.0
01/11/2024,MR08,4575.0
01/04/2025,MR08,4811.67
01/08/2024,MR08,5335.0
01/05/2025,MR08,5340.85
01/07/2024,MR08,5355.0
01/06/2024,MR08,5476.0
01/12/2025,MR08,5629.02
01/06/2025,MR08,6208.52
01/07/2025,MR08,6684.98
01/11/2025,MR08,6751.59
01/10/2025,MR08,6979.19
01/09/2025,MR08,7011.7
01/08/2025,MR08,7212.95
01/01/2023,GROSS MARGIN,2829.150552
01/02/2023,GROSS MARGIN,2447.272541
01/03/2023,GROSS MARGIN,2295.871089
01/04/2023,GROSS MARGIN,2373.928234
01/05/2023,GROSS MARGIN,2532.797782
01/06/2023,GROSS MARGIN,2417.144237
01/07/2023,GROSS MARGIN,2289.634975
01/08/2023,GROSS MARGIN,3296.214167
01/09/2023,GROSS MARGIN,3104.747172
01/10/2023,GROSS MARGIN,3622.148172
01/11/2023,GROSS MARGIN,3953.060525
01/12/2023,GROSS MARGIN,3701.290771
01/01/2024,GROSS MARGIN,3323.71439
01/12/2024,GROSS MARGIN,3388.343808
01/01/2025,GROSS MARGIN,3492.79
01/04/2024,GROSS MARGIN,3591.86386
01/02/2024,GROSS MARGIN,3726.11885
01/02/2025,GROSS MARGIN,3938.37
01/03/2025,GROSS MARGIN,3938.37
01/09/2024,GROSS MARGIN,4525.40201
01/03/2024,GROSS MARGIN,4363.46389
01/05/2024,GROSS MARGIN,4474.31717
01/10/2024,GROSS MARGIN,4929.22103
01/11/2024,GROSS MARGIN,3926.16372
01/04/2025,GROSS MARGIN,4811.67
01/08/2024,GROSS MARGIN,5117.71501
01/05/2025,GROSS MARGIN,5340.85
01/07/2024,GROSS MARGIN,5354.60895
01/06/2024,GROSS MARGIN,5475.53323
01/12/2025,GROSS MARGIN,5629.02
01/06/2025,GROSS MARGIN,6208.52
01/07/2025,GROSS MARGIN,6684.98
01/11/2025,GROSS MARGIN,6751.59
01/10/2025,GROSS MARGIN,6979.19
01/09/2025,GROSS MARGIN,7011.7
01/08/2025,GROSS MARGIN,7212.95
01/01/2023,CONSULTING & DATA,2791.578
01/02/2023,CONSULTING & DATA,2409.7
01/03/2023,CONSULTING & DATA,2258.2985
01/04/2023,CONSULTING & DATA,2338.7298
01/05/2023,CONSULTING & DATA,2497.5994
01/06/2023,CONSULTING & DATA,2381.9458
01/07/2023,CONSULTING & DATA,2244.6491
01/08/2023,CONSULTING & DATA,3251.2283
01/09/2023,CONSULTING & DATA,3059.7613
01/10/2023,CONSULTING & DATA,3577.8015
01/11/2023,CONSULTING & DATA,3908.7139
01/12/2023,CONSULTING & DATA,3498.7326
01/01/2024,CONSULTING & DATA,3312.25876
01/12/2024,CONSULTING & DATA,3310.283808
01/01/2025,CONSULTING & DATA,3394.13
01/04/2024,CONSULTING & DATA,3578.56073
01/02/2024,CONSULTING & DATA,3720.17889
01/02/2025,CONSULTING & DATA,3838.81
01/03/2025,CONSULTING & DATA,3838.81
01/09/2024,CONSULTING & DATA,4506.43423
01/03/2024,CONSULTING & DATA,4344.93851
01/05/2024,CONSULTING & DATA,4465.23392
01/10/2024,CONSULTING & DATA,4914.71038
01/11/2024,CONSULTING & DATA,3914.31151
01/04/2025,CONSULTING & DATA,4701.76
01/08/2024,CONSULTING & DATA,5102.77476
01/05/2025,CONSULTING & DATA,5228.69
01/07/2024,CONSULTING & DATA,5334.9232
01/06/2024,CONSULTING & DATA,5453.64301
01/12/2025,CONSULTING & DATA,5588.52
01/06/2025,CONSULTING & DATA,6141.42
01/07/2025,CONSULTING & DATA,6617.88
01/11/2025,CONSULTING & DATA,6711.09
01/10/2025,CONSULTING & DATA,6935.54
01/09/2025,CONSULTING & DATA,6967.6
01/08/2025,CONSULTING & DATA,7145.85
01/01/2023,ACTIVATION,38.0
01/02/2023,ACTIVATION,38.0
01/03/2023,ACTIVATION,38.0
01/04/2023,ACTIVATION,35.0
01/05/2023,ACTIVATION,35.0
01/06/2023,ACTIVATION,35.0
01/07/2023,ACTIVATION,45.0
01/08/2023,ACTIVATION,45.0
01/09/2023,ACTIVATION,45.0
01/10/2023,ACTIVATION,44.0
01/11/2023,ACTIVATION,44.0
01/12/2023,ACTIVATION,203.0
01/01/2024,ACTIVATION,11.45563
01/12/2024,ACTIVATION,78.06
01/01/2025,ACTIVATION,98.66
01/04/2024,ACTIVATION,13.30313
01/02/2024,ACTIVATION,5.93996
01/02/2025,ACTIVATION,99.56
01/03/2025,ACTIVATION,99.56
01/09/2024,ACTIVATION,18.96778
01/03/2024,ACTIVATION,18.52538
01/05/2024,ACTIVATION,9.08325
01/10/2024,ACTIVATION,14.51065
01/11/2024,ACTIVATION,11.85221
01/04/2025,ACTIVATION,109.91
01/08/2024,ACTIVATION,14.94025
01/05/2025,ACTIVATION,112.16
01/07/2024,ACTIVATION,19.68575
01/06/2024,ACTIVATION,21.89022
01/12/2025,ACTIVATION,40.5
01/06/2025,ACTIVATION,67.1
01/07/2025,ACTIVATION,67.1
01/11/2025,ACTIVATION,40.5
01/10/2025,ACTIVATION,43.65
01/09/2025,ACTIVATION,44.1
01/08/2025,ACTIVATION,67.1
01/01/2023,CREATION,0.0
01/02/2023,CREATION,0.0
01/03/2023,CREATION,0.0
01/04/2023,CREATION,0.0
01/05/2023,CREATION,0.0
01/06/2023,CREATION,0.0
01/07/2023,CREATION,0.0
01/08/2023,CREATION,0.0
01/09/2023,CREATION,0.0
01/10/2023,CREATION,0.0
01/11/2023,CREATION,0.0
01/12/2023,CREATION,0.0
01/01/2024,CREATION,0.0
01/12/2024,CREATION,0.0
01/01/2025,CREATION,0.0
01/04/2024,CREATION,0.0
01/02/2024,CREATION,0.0
01/02/2025,CREATION,0.0
01/03/2025,CREATION,0.0
01/09/2024,CREATION,0.0
01/03/2024,CREATION,0.0
01/05/2024,CREATION,0.0
01/10/2024,CREATION,0.0
01/11/2024,CREATION,0.0
01/04/2025,CREATION,0.0
01/08/2024,CREATION,0.0
01/05/2025,CREATION,0.0
01/07/2024,CREATION,0.0
01/06/2024,CREATION,0.0
01/12/2025,CREATION,0.0
01/06/2025,CREATION,0.0
01/07/2025,CREATION,0.0
01/11/2025,CREATION,0.0
01/10/2025,CREATION,0.0
01/09/2025,CREATION,0.0
01/08/2025,CREATION,0.0
01/01/2023,Artefact School of Data B2C,
01/02/2023,Artefact School of Data B2C,
01/03/2023,Artefact School of Data B2C,
01/04/2023,Artefact School of Data B2C,
01/05/2023,Artefact School of Data B2C,
01/06/2023,Artefact School of Data B2C,
01/07/2023,Artefact School of Data B2C,
01/08/2023,Artefact School of Data B2C,
01/09/2023,Artefact School of Data B2C,
01/10/2023,Artefact School of Data B2C,
01/11/2023,Artefact School of Data B2C,
01/12/2023,Artefact School of Data B2C,
01/01/2024,Artefact School of Data B2C,0.0
01/12/2024,Artefact School of Data B2C,0.0
01/01/2025,Artefact School of Data B2C,0.0
01/04/2024,Artefact School of Data B2C,0.0
01/02/2024,Artefact School of Data B2C,0.0
01/02/2025,Artefact School of Data B2C,0.0
01/03/2025,Artefact School of Data B2C,0.0
01/09/2024,Artefact School of Data B2C,0.0
01/03/2024,Artefact School of Data B2C,0.0
01/05/2024,Artefact School of Data B2C,0.0
01/10/2024,Artefact School of Data B2C,0.0
01/11/2024,Artefact School of Data B2C,0.0
01/04/2025,Artefact School of Data B2C,0.0
01/08/2024,Artefact School of Data B2C,0.0
01/05/2025,Artefact School of Data B2C,0.0
01/07/2024,Artefact School of Data B2C,0.0
01/06/2024,Artefact School of Data B2C,0.0
01/12/2025,Artefact School of Data B2C,0.0
01/06/2025,Artefact School of Data B2C,0.0
01/07/2025,Artefact School of Data B2C,0.0
01/11/2025,Artefact School of Data B2C,0.0
01/10/2025,Artefact School of Data B2C,0.0
01/09/2025,Artefact School of Data B2C,0.0
01/08/2025,Artefact School of Data B2C,0.0
01/01/2023,OPEN INNOVATION,
01/02/2023,OPEN INNOVATION,
01/03/2023,OPEN INNOVATION,
01/04/2023,OPEN INNOVATION,
01/05/2023,OPEN INNOVATION,
01/06/2023,OPEN INNOVATION,
01/07/2023,OPEN INNOVATION,
01/08/2023,OPEN INNOVATION,
01/09/2023,OPEN INNOVATION,
01/10/2023,OPEN INNOVATION,
01/11/2023,OPEN INNOVATION,
01/12/2023,OPEN INNOVATION,
01/01/2024,OPEN INNOVATION,0.0
01/12/2024,OPEN INNOVATION,0.0
01/01/2025,OPEN INNOVATION,0.0
01/04/2024,OPEN INNOVATION,0.0
01/02/2024,OPEN INNOVATION,0.0
01/02/2025,OPEN INNOVATION,0.0
01/03/2025,OPEN INNOVATION,0.0
01/09/2024,OPEN INNOVATION,0.0
01/03/2024,OPEN INNOVATION,0.0
01/05/2024,OPEN INNOVATION,0.0
01/10/2024,OPEN INNOVATION,0.0
01/11/2024,OPEN INNOVATION,0.0
01/04/2025,OPEN INNOVATION,0.0
01/08/2024,OPEN INNOVATION,0.0
01/05/2025,OPEN INNOVATION,0.0
01/07/2024,OPEN INNOVATION,0.0
01/06/2024,OPEN INNOVATION,0.0
01/12/2025,OPEN INNOVATION,0.0
01/06/2025,OPEN INNOVATION,0.0
01/07/2025,OPEN INNOVATION,0.0
01/11/2025,OPEN INNOVATION,0.0
01/10/2025,OPEN INNOVATION,0.0
01/09/2025,OPEN INNOVATION,0.0
01/08/2025,OPEN INNOVATION,0.0
01/01/2023,CONTRIBUTION MARGIN,1187.0
01/02/2023,CONTRIBUTION MARGIN,767.0
01/03/2023,CONTRIBUTION MARGIN,568.0
01/04/2023,CONTRIBUTION MARGIN,633.0
01/05/2023,CONTRIBUTION MARGIN,846.0
01/06/2023,CONTRIBUTION MARGIN,730.0
01/07/2023,CONTRIBUTION MARGIN,571.0
01/08/2023,CONTRIBUTION MARGIN,1417.0
01/09/2023,CONTRIBUTION MARGIN,1055.0
01/10/2023,CONTRIBUTION MARGIN,1515.0
01/11/2023,CONTRIBUTION MARGIN,1817.0
01/12/2023,CONTRIBUTION MARGIN,1595.0
01/01/2024,CONTRIBUTION MARGIN,
01/12/2024,CONTRIBUTION MARGIN,
01/01/2025,CONTRIBUTION MARGIN,617.46
01/04/2024,CONTRIBUTION MARGIN,
01/02/2024,CONTRIBUTION MARGIN,
01/02/2025,CONTRIBUTION MARGIN,804.86
01/03/2025,CONTRIBUTION MARGIN,797.5
01/09/2024,CONTRIBUTION MARGIN,
01/03/2024,CONTRIBUTION MARGIN,
01/05/2024,CONTRIBUTION MARGIN,
01/10/2024,CONTRIBUTION MARGIN,
01/11/2024,CONTRIBUTION MARGIN,
01/04/2025,CONTRIBUTION MARGIN,1649.47
01/08/2024,CONTRIBUTION MARGIN,
01/05/2025,CONTRIBUTION MARGIN,2179.6
01/07/2024,CONTRIBUTION MARGIN,
01/06/2024,CONTRIBUTION MARGIN,
01/12/2025,CONTRIBUTION MARGIN,2142.74
01/06/2025,CONTRIBUTION MARGIN,2917.12
01/07/2025,CONTRIBUTION MARGIN,3332.15
01/11/2025,CONTRIBUTION MARGIN,3200.73
01/10/2025,CONTRIBUTION MARGIN,3375.87
01/09/2025,CONTRIBUTION MARGIN,3444.45
01/08/2025,CONTRIBUTION MARGIN,3655.39
01/01/2023,CM %,0.42
01/02/2023,CM %,0.31
01/03/2023,CM %,0.25
01/04/2023,CM %,0.27
01/05/2023,CM %,0.33
01/06/2023,CM %,0.3
01/07/2023,CM %,0.25
01/08/2023,CM %,0.43
01/09/2023,CM %,0.34
01/10/2023,CM %,0.42
01/11/2023,CM %,0.46
01/12/2023,CM %,0.43
01/01/2024,CM %,0.3488065251
01/12/2024,CM %,0.2530740436
01/01/2025,CM %,0.1767813124
01/04/2024,CM %,0.3152460814
01/02/2024,CM %,0.362486744
01/02/2025,CM %,0.2043637342
01/03/2025,CM %,0.2024949408
01/09/2024,CM %,0.3629158262
01/03/2024,CM %,0.4182908315
01/05/2024,CM %,0.4063915304
01/10/2024,CM %,0.4215783329
01/11/2024,CM %,0.3054958399
01/04/2025,CM %,0.3428061359
01/08/2024,CM %,0.3826174677
01/05/2025,CM %,0.4080998343
01/07/2024,CM %,0.4259104063
01/06/2024,CM %,0.4799278929
01/12/2025,CM %,0.3806595109
01/06/2025,CM %,0.4698575506
01/07/2025,CM %,0.4984532489
01/11/2025,CM %,0.4740705523
01/10/2025,CM %,0.4837051291
01/09/2025,CM %,0.4912432078
01/08/2025,CM %,0.5067815526
01/01/2023,CONSULTING & DATA_1,1180.0
01/02/2023,CONSULTING & DATA_1,762.0
01/03/2023,CONSULTING & DATA_1,563.0
01/04/2023,CONSULTING & DATA_1,630.0
01/05/2023,CONSULTING & DATA_1,844.0
01/06/2023,CONSULTING & DATA_1,727.0
01/07/2023,CONSULTING & DATA_1,559.0
01/08/2023,CONSULTING & DATA_1,1405.0
01/09/2023,CONSULTING & DATA_1,1047.0
01/10/2023,CONSULTING & DATA_1,1525.0
01/11/2023,CONSULTING & DATA_1,1827.0
01/12/2023,CONSULTING & DATA_1,1447.0
01/01/2024,CONSULTING & DATA_1,1190.34112
01/12/2024,CONSULTING & DATA_1,825.184042
01/01/2025,CONSULTING & DATA_1,564.5
01/04/2024,CONSULTING & DATA_1,1161.48136
01/02/2024,CONSULTING & DATA_1,1387.192213
01/02/2025,CONSULTING & DATA_1,754.56
01/03/2025,CONSULTING & DATA_1,753.06
01/09/2024,CONSULTING & DATA_1,1669.114402
01/03/2024,CONSULTING & DATA_1,1854.459642
01/05/2024,CONSULTING & DATA_1,1851.704836
01/10/2024,CONSULTING & DATA_1,2112.654308
01/11/2024,CONSULTING & DATA_1,1233.316647
01/04/2025,CONSULTING & DATA_1,1588.82
01/08/2024,CONSULTING & DATA_1,1988.929081
01/05/2025,CONSULTING & DATA_1,2116.7
01/07/2024,CONSULTING & DATA_1,2303.361407
01/06/2024,CONSULTING & DATA_1,2648.434389
01/12/2025,CONSULTING & DATA_1,2157.03
01/06/2025,CONSULTING & DATA_1,2899.28
01/07/2025,CONSULTING & DATA_1,3314.31
01/11/2025,CONSULTING & DATA_1,3215.02
01/10/2025,CONSULTING & DATA_1,3391.18
01/09/2025,CONSULTING & DATA_1,3455.14
01/08/2025,CONSULTING & DATA_1,3643.08
01/01/2023,CM %_2,0.53
01/02/2023,CM %_2,0.35
01/03/2023,CM %_2,0.26
01/04/2023,CM %_2,0.28
01/05/2023,CM %_2,0.32
01/06/2023,CM %_2,0.29
01/07/2023,CM %_2,0.22
01/08/2023,CM %_2,0.46
01/09/2023,CM %_2,0.32
01/10/2023,CM %_2,0.41
01/11/2023,CM %_2,0.44
01/12/2023,CM %_2,0.4
01/01/2024,CM %_2,0.3593744349
01/12/2024,CM %_2,0.249278941
01/01/2025,CM %_2,0.1663165524
01/04/2024,CM %_2,0.3245666199
01/02/2024,CM %_2,0.372883201
01/02/2025,CM %_2,0.1965609134
01/03/2025,CM %_2,0.1961701673
01/09/2024,CM %_2,0.3703847249
01/03/2024,CM %_2,0.4268091799
01/05/2024,CM %_2,0.414693803
01/10/2024,CM %_2,0.4298634394
01/11/2024,CM %_2,0.3150788187
01/04/2025,CM %_2,0.3379202682
01/08/2024,CM %_2,0.3897740297
01/05/2025,CM %_2,0.4048241529
01/07/2024,CM %_2,0.4317515586
01/06/2024,CM %_2,0.4856266507
01/12/2025,CM %_2,0.3859751777
01/06/2025,CM %_2,0.4720862602
01/07/2025,CM %_2,0.5008114381
01/11/2025,CM %_2,0.4790607785
01/10/2025,CM %_2,0.4889568801
01/09/2025,CM %_2,0.4958866755
01/08/2025,CM %_2,0.5098175864
01/01/2023,ACTIVATION_3,7.0
01/02/2023,ACTIVATION_3,5.0
01/03/2023,ACTIVATION_3,5.0
01/04/2023,ACTIVATION_3,3.0
01/05/2023,ACTIVATION_3,2.0
01/06/2023,ACTIVATION_3,3.0
01/07/2023,ACTIVATION_3,12.0
01/08/2023,ACTIVATION_3,12.0
01/09/2023,ACTIVATION_3,8.0
01/10/2023,ACTIVATION_3,-10.0
01/11/2023,ACTIVATION_3,-10.0
01/12/2023,ACTIVATION_3,148.0
01/01/2024,ACTIVATION_3,-31.00785333
01/12/2024,ACTIVATION_3,32.31782667
01/01/2025,ACTIVATION_3,52.96
01/04/2024,ACTIVATION_3,-29.16035333
01/02/2024,ACTIVATION_3,-36.52352333
01/02/2025,ACTIVATION_3,50.3
01/03/2025,ACTIVATION_3,44.44
01/09/2024,ACTIVATION_3,-26.77439333
01/03/2024,ACTIVATION_3,-29.26270333
01/05/2024,ACTIVATION_3,-33.38023333
01/10/2024,ACTIVATION_3,-34.60152333
01/11/2024,ACTIVATION_3,-33.88996333
01/04/2025,ACTIVATION_3,60.65
01/08/2024,ACTIVATION_3,-30.80192333
01/05/2025,ACTIVATION_3,62.9
01/07/2024,ACTIVATION_3,-22.77773333
01/06/2024,ACTIVATION_3,-20.57326333
01/12/2025,ACTIVATION_3,-14.29
01/06/2025,ACTIVATION_3,17.84
01/07/2025,ACTIVATION_3,17.84
01/11/2025,ACTIVATION_3,-14.29
01/10/2025,ACTIVATION_3,-15.31
01/09/2025,ACTIVATION_3,-10.69
01/08/2025,ACTIVATION_3,12.31
01/01/2023,CM %_4,0.18
01/02/2023,CM %_4,0.14
01/03/2023,CM %_4,0.13
01/04/2023,CM %_4,0.08
01/05/2023,CM %_4,0.07
01/06/2023,CM %_4,0.07
01/07/2023,CM %_4,0.28
01/08/2023,CM %_4,0.27
01/09/2023,CM %_4,0.17
01/10/2023,CM %_4,-0.23
01/11/2023,CM %_4,-0.23
01/12/2023,CM %_4,0.73
01/01/2024,CM %_4,-2.70677853
01/12/2024,CM %_4,0.4140126398
01/01/2025,CM %_4,0.5367930266
01/04/2024,CM %_4,-2.19199191
01/02/2024,CM %_4,-6.148782708
01/02/2025,CM %_4,0.5052229811
01/03/2025,CM %_4,0.4463640016
01/09/2024,CM %_4,-1.411572326
01/03/2024,CM %_4,-1.579600706
01/05/2024,CM %_4,-3.674921788
01/10/2024,CM %_4,-2.384560535
01/11/2024,CM %_4,-2.859379249
01/04/2025,CM %_4,0.5518151215
01/08/2024,CM %_4,-2.06167389
01/05/2025,CM %_4,0.5608059914
01/07/2024,CM %_4,-1.157067083
01/06/2024,CM %_4,-0.9398381256
01/12/2025,CM %_4,-0.3528395062
01/06/2025,CM %_4,0.2658718331
01/07/2025,CM %_4,0.2658718331
01/11/2025,CM %_4,-0.3528395062
01/10/2025,CM %_4,-0.350744559
01/09/2025,CM %_4,-0.2424036281
01/08/2025,CM %_4,0.1834575261
01/01/2023,CREATION_5,0.0
01/02/2023,CREATION_5,0.0
01/03/2023,CREATION_5,0.0
01/04/2023,CREATION_5,0.0
01/05/2023,CREATION_5,0.0
01/06/2023,CREATION_5,0.0
01/07/2023,CREATION_5,0.0
01/08/2023,CREATION_5,0.0
01/09/2023,CREATION_5,0.0
01/10/2023,CREATION_5,0.0
01/11/2023,CREATION_5,0.0
01/12/2023,CREATION_5,0.0
01/01/2024,CREATION_5,0.0
01/12/2024,CREATION_5,0.0
01/01/2025,CREATION_5,0.0
01/04/2024,CREATION_5,0.0
01/02/2024,CREATION_5,0.0
01/02/2025,CREATION_5,0.0
01/03/2025,CREATION_5,0.0
01/09/2024,CREATION_5,0.0
01/03/2024,CREATION_5,0.0
01/05/2024,CREATION_5,0.0
01/10/2024,CREATION_5,0.0
01/11/2024,CREATION_5,0.0
01/04/2025,CREATION_5,0.0
01/08/2024,CREATION_5,0.0
01/05/2025,CREATION_5,0.0
01/07/2024,CREATION_5,0.0
01/06/2024,CREATION_5,0.0
01/12/2025,CREATION_5,0.0
01/06/2025,CREATION_5,0.0
01/07/2025,CREATION_5,0.0
01/11/2025,CREATION_5,0.0
01/10/2025,CREATION_5,0.0
01/09/2025,CREATION_5,0.0
01/08/2025,CREATION_5,0.0
01/01/2023,CM %_6,
01/02/2023,CM %_6,
01/03/2023,CM %_6,
01/04/2023,CM %_6,
01/05/2023,CM %_6,
01/06/2023,CM %_6,
01/07/2023,CM %_6,
01/08/2023,CM %_6,
01/09/2023,CM %_6,
01/10/2023,CM %_6,
01/11/2023,CM %_6,
01/12/2023,CM %_6,
01/01/2024,CM %_6,
01/12/2024,CM %_6,
01/01/2025,CM %_6,
01/04/2024,CM %_6,
01/02/2024,CM %_6,
01/02/2025,CM %_6,
01/03/2025,CM %_6,
01/09/2024,CM %_6,
01/03/2024,CM %_6,
01/05/2024,CM %_6,
01/10/2024,CM %_6,
01/11/2024,CM %_6,
01/04/2025,CM %_6,
01/08/2024,CM %_6,
01/05/2025,CM %_6,
01/07/2024,CM %_6,
01/06/2024,CM %_6,
01/12/2025,CM %_6,
01/06/2025,CM %_6,
01/07/2025,CM %_6,
01/11/2025,CM %_6,
01/10/2025,CM %_6,
01/09/2025,CM %_6,
01/08/2025,CM %_6,
01/01/2023,Artefact School of Data B2C_7,
01/02/2023,Artefact School of Data B2C_7,
01/03/2023,Artefact School of Data B2C_7,
01/04/2023,Artefact School of Data B2C_7,
01/05/2023,Artefact School of Data B2C_7,
01/06/2023,Artefact School of Data B2C_7,
01/07/2023,Artefact School of Data B2C_7,
01/08/2023,Artefact School of Data B2C_7,
01/09/2023,Artefact School of Data B2C_7,
01/10/2023,Artefact School of Data B2C_7,
01/11/2023,Artefact School of Data B2C_7,
01/12/2023,Artefact School of Data B2C_7,
01/01/2024,Artefact School of Data B2C_7,0.0
01/12/2024,Artefact School of Data B2C_7,0.0
01/01/2025,Artefact School of Data B2C_7,0.0
01/04/2024,Artefact School of Data B2C_7,0.0
01/02/2024,Artefact School of Data B2C_7,0.0
01/02/2025,Artefact School of Data B2C_7,0.0
01/03/2025,Artefact School of Data B2C_7,0.0
01/09/2024,Artefact School of Data B2C_7,0.0
01/03/2024,Artefact School of Data B2C_7,0.0
01/05/2024,Artefact School of Data B2C_7,0.0
01/10/2024,Artefact School of Data B2C_7,0.0
01/11/2024,Artefact School of Data B2C_7,0.0
01/04/2025,Artefact School of Data B2C_7,0.0
01/08/2024,Artefact School of Data B2C_7,0.0
01/05/2025,Artefact School of Data B2C_7,0.0
01/07/2024,Artefact School of Data B2C_7,0.0
01/06/2024,Artefact School of Data B2C_7,0.0
01/12/2025,Artefact School of Data B2C_7,0.0
01/06/2025,Artefact School of Data B2C_7,0.0
01/07/2025,Artefact School of Data B2C_7,0.0
01/11/2025,Artefact School of Data B2C_7,0.0
01/10/2025,Artefact School of Data B2C_7,0.0
01/09/2025,Artefact School of Data B2C_7,0.0
01/08/2025,Artefact School of Data B2C_7,0.0
01/01/2023,CM %_8,
01/02/2023,CM %_8,
01/03/2023,CM %_8,
01/04/2023,CM %_8,
01/05/2023,CM %_8,
01/06/2023,CM %_8,
01/07/2023,CM %_8,
01/08/2023,CM %_8,
01/09/2023,CM %_8,
01/10/2023,CM %_8,
01/11/2023,CM %_8,
01/12/2023,CM %_8,
01/01/2024,CM %_8,
01/12/2024,CM %_8,
01/01/2025,CM %_8,
01/04/2024,CM %_8,
01/02/2024,CM %_8,
01/02/2025,CM %_8,
01/03/2025,CM %_8,
01/09/2024,CM %_8,
01/03/2024,CM %_8,
01/05/2024,CM %_8,
01/10/2024,CM %_8,
01/11/2024,CM %_8,
01/04/2025,CM %_8,
01/08/2024,CM %_8,
01/05/2025,CM %_8,
01/07/2024,CM %_8,
01/06/2024,CM %_8,
01/12/2025,CM %_8,
01/06/2025,CM %_8,
01/07/2025,CM %_8,
01/11/2025,CM %_8,
01/10/2025,CM %_8,
01/09/2025,CM %_8,
01/08/2025,CM %_8,
01/01/2023,OPEN INNOVATION_9,
01/02/2023,OPEN INNOVATION_9,
01/03/2023,OPEN INNOVATION_9,
01/04/2023,OPEN INNOVATION_9,
01/05/2023,OPEN INNOVATION_9,
01/06/2023,OPEN INNOVATION_9,
01/07/2023,OPEN INNOVATION_9,
01/08/2023,OPEN INNOVATION_9,
01/09/2023,OPEN INNOVATION_9,
01/10/2023,OPEN INNOVATION_9,
01/11/2023,OPEN INNOVATION_9,
01/12/2023,OPEN INNOVATION_9,
01/01/2024,OPEN INNOVATION_9,0.0
01/12/2024,OPEN INNOVATION_9,0.0
01/01/2025,OPEN INNOVATION_9,0.0
01/04/2024,OPEN INNOVATION_9,0.0
01/02/2024,OPEN INNOVATION_9,0.0
01/02/2025,OPEN INNOVATION_9,0.0
01/03/2025,OPEN INNOVATION_9,0.0
01/09/2024,OPEN INNOVATION_9,0.0
01/03/2024,OPEN INNOVATION_9,0.0
01/05/2024,OPEN INNOVATION_9,0.0
01/10/2024,OPEN INNOVATION_9,0.0
01/11/2024,OPEN INNOVATION_9,0.0
01/04/2025,OPEN INNOVATION_9,0.0
01/08/2024,OPEN INNOVATION_9,0.0
01/05/2025,OPEN INNOVATION_9,0.0
01/07/2024,OPEN INNOVATION_9,0.0
01/06/2024,OPEN INNOVATION_9,0.0
01/12/2025,OPEN INNOVATION_9,0.0
01/06/2025,OPEN INNOVATION_9,0.0
01/07/2025,OPEN INNOVATION_9,0.0
01/11/2025,OPEN INNOVATION_9,0.0
01/10/2025,OPEN INNOVATION_9,0.0
01/09/2025,OPEN INNOVATION_9,0.0
01/08/2025,OPEN INNOVATION_9,0.0
01/01/2023,CM %_10,
01/02/2023,CM %_10,
01/03/2023,CM %_10,
01/04/2023,CM %_10,
01/05/2023,CM %_10,
01/06/2023,CM %_10,
01/07/2023,CM %_10,
01/08/2023,CM %_10,
01/09/2023,CM %_10,
01/10/2023,CM %_10,
01/11/2023,CM %_10,
01/12/2023,CM %_10,
01/01/2024,CM %_10,
01/12/2024,CM %_10,
01/01/2025,CM %_10,
01/04/2024,CM %_10,
01/02/2024,CM %_10,
01/02/2025,CM %_10,
01/03/2025,CM %_10,
01/09/2024,CM %_10,
01/03/2024,CM %_10,
01/05/2024,CM %_10,
01/10/2024,CM %_10,
01/11/2024,CM %_10,
01/04/2025,CM %_10,
01/08/2024,CM %_10,
01/05/2025,CM %_10,
01/07/2024,CM %_10,
01/06/2024,CM %_10,
01/12/2025,CM %_10,
01/06/2025,CM %_10,
01/07/2025,CM %_10,
01/11/2025,CM %_10,
01/10/2025,CM %_10,
01/09/2025,CM %_10,
01/08/2025,CM %_10,
01/01/2023,INDIRECT & OH,282.0
01/02/2023,INDIRECT & OH,365.0
01/03/2023,INDIRECT & OH,313.0
01/04/2023,INDIRECT & OH,302.0
01/05/2023,INDIRECT & OH,398.0
01/06/2023,INDIRECT & OH,419.0
01/07/2023,INDIRECT & OH,335.0
01/08/2023,INDIRECT & OH,291.0
01/09/2023,INDIRECT & OH,392.0
01/10/2023,INDIRECT & OH,207.0
01/11/2023,INDIRECT & OH,536.0
01/12/2023,INDIRECT & OH,445.0
01/01/2024,INDIRECT & OH,490.513645
01/12/2024,INDIRECT & OH,523.7974608
01/01/2025,INDIRECT & OH,585.62
01/04/2024,INDIRECT & OH,469.3217917
01/02/2024,INDIRECT & OH,468.3217917
01/02/2025,INDIRECT & OH,600.53
01/03/2025,INDIRECT & OH,604.54
01/09/2024,INDIRECT & OH,512.1497941
01/03/2024,INDIRECT & OH,471.6917917
01/05/2024,INDIRECT & OH,496.6554083
01/10/2024,INDIRECT & OH,524.0237608
01/11/2024,INDIRECT & OH,525.0684608
01/04/2025,INDIRECT & OH,600.53
01/08/2024,INDIRECT & OH,502.2326274
01/05/2025,INDIRECT & OH,610.14
01/07/2024,INDIRECT & OH,492.8136083
01/06/2024,INDIRECT & OH,498.6774083
01/12/2025,INDIRECT & OH,628.49
01/06/2025,INDIRECT & OH,607.44
01/07/2025,INDIRECT & OH,600.53
01/11/2025,INDIRECT & OH,628.05
01/10/2025,INDIRECT & OH,633.53
01/09/2025,INDIRECT & OH,628.05
01/08/2025,INDIRECT & OH,624.47
01/01/2023,INDIRECT COSTS,103.0
01/02/2023,INDIRECT COSTS,103.0
01/03/2023,INDIRECT COSTS,113.0
01/04/2023,INDIRECT COSTS,115.0
01/05/2023,INDIRECT COSTS,116.0
01/06/2023,INDIRECT COSTS,115.0
01/07/2023,INDIRECT COSTS,116.0
01/08/2023,INDIRECT COSTS,110.0
01/09/2023,INDIRECT COSTS,124.0
01/10/2023,INDIRECT COSTS,91.0
01/11/2023,INDIRECT COSTS,105.0
01/12/2023,INDIRECT COSTS,105.0
01/01/2024,INDIRECT COSTS,97.41579167
01/12/2024,INDIRECT COSTS,164.7074608
01/01/2025,INDIRECT COSTS,166.41
01/04/2024,INDIRECT COSTS,110.2317917
01/02/2024,INDIRECT COSTS,109.2317917
01/02/2025,INDIRECT COSTS,181.32
01/03/2025,INDIRECT COSTS,185.33
01/09/2024,INDIRECT COSTS,153.0597941
01/03/2024,INDIRECT COSTS,112.6017917
01/05/2024,INDIRECT COSTS,137.5654083
01/10/2024,INDIRECT COSTS,164.9337608
01/11/2024,INDIRECT COSTS,165.9784608
01/04/2025,INDIRECT COSTS,181.32
01/08/2024,INDIRECT COSTS,143.1426274
01/05/2025,INDIRECT COSTS,190.93
01/07/2024,INDIRECT COSTS,133.7236083
01/06/2024,INDIRECT COSTS,139.5874083
01/12/2025,INDIRECT COSTS,209.28
01/06/2025,INDIRECT COSTS,188.23
01/07/2025,INDIRECT COSTS,181.32
01/11/2025,INDIRECT COSTS,208.84
01/10/2025,INDIRECT COSTS,214.32
01/09/2025,INDIRECT COSTS,208.84
01/08/2025,INDIRECT COSTS,205.26
01/01/2023,OVERHEADS,179.0
01/02/2023,OVERHEADS,262.0
01/03/2023,OVERHEADS,200.0
01/04/2023,OVERHEADS,187.0
01/05/2023,OVERHEADS,282.0
01/06/2023,OVERHEADS,304.0
01/07/2023,OVERHEADS,219.0
01/08/2023,OVERHEADS,181.0
01/09/2023,OVERHEADS,268.0
01/10/2023,OVERHEADS,116.0
01/11/2023,OVERHEADS,431.0
01/12/2023,OVERHEADS,340.0
01/01/2024,OVERHEADS,393.0978533
01/12/2024,OVERHEADS,359.09
01/01/2025,OVERHEADS,419.21
01/04/2024,OVERHEADS,359.09
01/02/2024,OVERHEADS,359.09
01/02/2025,OVERHEADS,419.21
01/03/2025,OVERHEADS,419.21
01/09/2024,OVERHEADS,359.09
01/03/2024,OVERHEADS,359.09
01/05/2024,OVERHEADS,359.09
01/10/2024,OVERHEADS,359.09
01/11/2024,OVERHEADS,359.09
01/04/2025,OVERHEADS,419.21
01/08/2024,OVERHEADS,359.09
01/05/2025,OVERHEADS,419.21
01/07/2024,OVERHEADS,359.09
01/06/2024,OVERHEADS,359.09
01/12/2025,OVERHEADS,419.21
01/06/2025,OVERHEADS,419.21
01/07/2025,OVERHEADS,419.21
01/11/2025,OVERHEADS,419.21
01/10/2025,OVERHEADS,419.21
01/09/2025,OVERHEADS,419.21
01/08/2025,OVERHEADS,419.21
01/01/2023,OTHER REVENUE,0.0
01/02/2023,OTHER REVENUE,0.0
01/03/2023,OTHER REVENUE,0.0
01/04/2023,OTHER REVENUE,0.0
01/05/2023,OTHER REVENUE,0.0
01/06/2023,OTHER REVENUE,0.0
01/07/2023,OTHER REVENUE,0.0
01/08/2023,OTHER REVENUE,0.0
01/09/2023,OTHER REVENUE,0.0
01/10/2023,OTHER REVENUE,0.0
01/11/2023,OTHER REVENUE,0.0
01/12/2023,OTHER REVENUE,0.0
01/01/2024,OTHER REVENUE,0.0
01/12/2024,OTHER REVENUE,0.0
01/01/2025,OTHER REVENUE,0.0
01/04/2024,OTHER REVENUE,0.0
01/02/2024,OTHER REVENUE,0.0
01/02/2025,OTHER REVENUE,0.0
01/03/2025,OTHER REVENUE,0.0
01/09/2024,OTHER REVENUE,0.0
01/03/2024,OTHER REVENUE,0.0
01/05/2024,OTHER REVENUE,0.0
01/10/2024,OTHER REVENUE,0.0
01/11/2024,OTHER REVENUE,0.0
01/04/2025,OTHER REVENUE,0.0
01/08/2024,OTHER REVENUE,0.0
01/05/2025,OTHER REVENUE,0.0
01/07/2024,OTHER REVENUE,0.0
01/06/2024,OTHER REVENUE,0.0
01/12/2025,OTHER REVENUE,0.0
01/06/2025,OTHER REVENUE,0.0
01/07/2025,OTHER REVENUE,0.0
01/11/2025,OTHER REVENUE,0.0
01/10/2025,OTHER REVENUE,0.0
01/09/2025,OTHER REVENUE,0.0
01/08/2025,OTHER REVENUE,0.0
01/01/2023,EBITDA,904.0
01/02/2023,EBITDA,403.0
01/03/2023,EBITDA,254.0
01/04/2023,EBITDA,330.0
01/05/2023,EBITDA,448.0
01/06/2023,EBITDA,310.0
01/07/2023,EBITDA,237.0
01/08/2023,EBITDA,1126.0
01/09/2023,EBITDA,663.0
01/10/2023,EBITDA,1307.0
01/11/2023,EBITDA,1281.0
01/12/2023,EBITDA,1150.0
01/01/2024,EBITDA,668.8196219
01/12/2024,EBITDA,333.7044079
01/01/2025,EBITDA,31.84
01/04/2024,EBITDA,662.9992152
01/02/2024,EBITDA,882.3468979
01/02/2025,EBITDA,204.33
01/03/2025,EBITDA,192.96
01/09/2024,EBITDA,1130.190215
01/03/2024,EBITDA,1353.505147
01/05/2024,EBITDA,1321.669194
01/10/2024,EBITDA,1554.029024
01/11/2024,EBITDA,674.3582225
01/04/2025,EBITDA,1048.94
01/08/2024,EBITDA,1455.89453
01/05/2025,EBITDA,1569.46
01/07/2024,EBITDA,1787.770065
01/06/2024,EBITDA,2129.183717
01/12/2025,EBITDA,1514.25
01/06/2025,EBITDA,2309.68
01/07/2025,EBITDA,2731.62
01/11/2025,EBITDA,2572.68
01/10/2025,EBITDA,2742.34
01/09/2025,EBITDA,2816.4
01/08/2025,EBITDA,3030.92
01/01/2023,EBITDA %,0.32
01/02/2023,EBITDA %,0.16
01/03/2023,EBITDA %,0.11
01/04/2023,EBITDA %,0.14
01/05/2023,EBITDA %,0.18
01/06/2023,EBITDA %,0.13
01/07/2023,EBITDA %,0.1
01/08/2023,EBITDA %,0.34
01/09/2023,EBITDA %,0.21
01/10/2023,EBITDA %,0.36
01/11/2023,EBITDA %,0.32
01/12/2023,EBITDA %,0.31
01/01/2024,EBITDA %,0.2012265626
01/12/2024,EBITDA %,0.09848599399
01/01/2025,EBITDA %,0.009115921656
01/04/2024,EBITDA %,0.1845836148
01/02/2024,EBITDA %,0.2368005245
01/02/2025,EBITDA %,0.05188186991
01/03/2025,EBITDA %,0.04899488875
01/09/2024,EBITDA %,0.2497436057
01/03/2024,EBITDA %,0.3101905232
01/05/2024,EBITDA %,0.2953901442
01/10/2024,EBITDA %,0.3152686832
01/11/2024,EBITDA %,0.1717600871
01/04/2025,EBITDA %,0.2179991562
01/08/2024,EBITDA %,0.2844813608
01/05/2025,EBITDA %,0.2938595916
01/07/2024,EBITDA %,0.3338750004
01/06/2024,EBITDA %,0.3888541313
01/12/2025,EBITDA %,0.2690077491
01/06/2025,EBITDA %,0.3720178078
01/07/2025,EBITDA %,0.4086205194
01/11/2025,EBITDA %,0.3810480198
01/10/2025,EBITDA %,0.3929309848
01/09/2025,EBITDA %,0.4016714919
01/08/2025,EBITDA %,0.4202053251
01/01/2023,Contribution Margin 2,1187.0
01/02/2023,Contribution Margin 2,767.0
01/03/2023,Contribution Margin 2,568.0
01/04/2023,Contribution Margin 2,633.0
01/05/2023,Contribution Margin 2,846.0
01/06/2023,Contribution Margin 2,730.0
01/07/2023,Contribution Margin 2,571.0
01/08/2023,Contribution Margin 2,1417.0
01/09/2023,Contribution Margin 2,1055.0
01/10/2023,Contribution Margin 2,1515.0
01/11/2023,Contribution Margin 2,1817.0
01/12/2023,Contribution Margin 2,1595.0
01/01/2024,Contribution Margin 2,
01/12/2024,Contribution Margin 2,
01/01/2025,Contribution Margin 2,617.46
01/04/2024,Contribution Margin 2,
01/02/2024,Contribution Margin 2,
01/02/2025,Contribution Margin 2,804.86
01/03/2025,Contribution Margin 2,797.5
01/09/2024,Contribution Margin 2,
01/03/2024,Contribution Margin 2,
01/05/2024,Contribution Margin 2,
01/10/2024,Contribution Margin 2,
01/11/2024,Contribution Margin 2,
01/04/2025,Contribution Margin 2,1649.47
01/08/2024,Contribution Margin 2,
01/05/2025,Contribution Margin 2,2179.6
01/07/2024,Contribution Margin 2,
01/06/2024,Contribution Margin 2,
01/12/2025,Contribution Margin 2,2142.74
01/06/2025,Contribution Margin 2,2917.12
01/07/2025,Contribution Margin 2,3332.15
01/11/2025,Contribution Margin 2,3200.73
01/10/2025,Contribution Margin 2,3375.87
01/09/2025,Contribution Margin 2,3444.45
01/08/2025,Contribution Margin 2,3655.39
01/01/2023,SCHOOL OF DATA,0.0
01/02/2023,SCHOOL OF DATA,0.0
01/03/2023,SCHOOL OF DATA,0.0
01/04/2023,SCHOOL OF DATA,0.0
01/05/2023,SCHOOL OF DATA,0.0
01/06/2023,SCHOOL OF DATA,0.0
01/07/2023,SCHOOL OF DATA,0.0
01/08/2023,SCHOOL OF DATA,0.0
01/09/2023,SCHOOL OF DATA,0.0
01/10/2023,SCHOOL OF DATA,0.0
01/11/2023,SCHOOL OF DATA,0.0
01/12/2023,SCHOOL OF DATA,0.0
01/01/2024,SCHOOL OF DATA,
01/12/2024,SCHOOL OF DATA,
01/01/2025,SCHOOL OF DATA,
01/04/2024,SCHOOL OF DATA,
01/02/2024,SCHOOL OF DATA,
01/02/2025,SCHOOL OF DATA,
01/03/2025,SCHOOL OF DATA,
01/09/2024,SCHOOL OF DATA,
01/03/2024,SCHOOL OF DATA,
01/05/2024,SCHOOL OF DATA,
01/10/2024,SCHOOL OF DATA,
01/11/2024,SCHOOL OF DATA,
01/04/2025,SCHOOL OF DATA,
01/08/2024,SCHOOL OF DATA,
01/05/2025,SCHOOL OF DATA,
01/07/2024,SCHOOL OF DATA,
01/06/2024,SCHOOL OF DATA,
01/12/2025,SCHOOL OF DATA,
01/06/2025,SCHOOL OF DATA,
01/07/2025,SCHOOL OF DATA,
01/11/2025,SCHOOL OF DATA,
01/10/2025,SCHOOL OF DATA,
01/09/2025,SCHOOL OF DATA,
01/08/2025,SCHOOL OF DATA,
01/01/2023,SCHOOL OF DATA_7,0.0
01/02/2023,SCHOOL OF DATA_7,0.0
01/03/2023,SCHOOL OF DATA_7,0.0
01/04/2023,SCHOOL OF DATA_7,0.0
01/05/2023,SCHOOL OF DATA_7,0.0
01/06/2023,SCHOOL OF DATA_7,0.0
01/07/2023,SCHOOL OF DATA_7,0.0
01/08/2023,SCHOOL OF DATA_7,0.0
01/09/2023,SCHOOL OF DATA_7,0.0
01/10/2023,SCHOOL OF DATA_7,0.0
01/11/2023,SCHOOL OF DATA_7,0.0
01/12/2023,SCHOOL OF DATA_7,0.0
01/01/2024,SCHOOL OF DATA_7,
01/12/2024,SCHOOL OF DATA_7,
01/01/2025,SCHOOL OF DATA_7,
01/04/2024,SCHOOL OF DATA_7,
01/02/2024,SCHOOL OF DATA_7,
01/02/2025,SCHOOL OF DATA_7,
01/03/2025,SCHOOL OF DATA_7,
01/09/2024,SCHOOL OF DATA_7,
01/03/2024,SCHOOL OF DATA_7,
01/05/2024,SCHOOL OF DATA_7,
01/10/2024,SCHOOL OF DATA_7,
01/11/2024,SCHOOL OF DATA_7,
01/04/2025,SCHOOL OF DATA_7,
01/08/2024,SCHOOL OF DATA_7,
01/05/2025,SCHOOL OF DATA_7,
01/07/2024,SCHOOL OF DATA_7,
01/06/2024,SCHOOL OF DATA_7,
01/12/2025,SCHOOL OF DATA_7,
01/06/2025,SCHOOL OF DATA_7,
01/07/2025,SCHOOL OF DATA_7,
01/11/2025,SCHOOL OF DATA_7,
01/10/2025,SCHOOL OF DATA_7,
01/09/2025,SCHOOL OF DATA_7,
01/08/2025,SCHOOL OF DATA_7,
